-- MySQL Script generated by MySQL Workbench
-- Thu Nov 30 15:03:01 2017
-- Model: New Model    Version: 1.0
-- MySQL Workbench Forward Engineering

-- -----------------------------------------------------
-- Schema esports
-- -----------------------------------------------------

-- -----------------------------------------------------
-- Schema esports
-- -----------------------------------------------------
CREATE SCHEMA IF NOT EXISTS `esports` DEFAULT CHARACTER SET utf8 ;
USE `esports` ;

-- -----------------------------------------------------
-- Table `esports`.`Champion`
-- -----------------------------------------------------

CREATE TABLE Champion (
  champion_name VARCHAR(45) NOT NULL,
  primary_role VARCHAR(45) NULL,
  lane VARCHAR(45) NULL,
  PRIMARY KEY(champion_name)
  );


-- -----------------------------------------------------
-- Table `esports`.`Person`
-- -----------------------------------------------------
CREATE TABLE Person (
  username VARCHAR(45) NOT NULL,
  realname VARCHAR(45) NULL,
  country VARCHAR(45) NULL,
  age INT NULL,
  main_champion VARCHAR(45) NULL,
  PRIMARY KEY(username),
    FOREIGN KEY(main_champion) REFERENCES Champion(champion_name));


-- -----------------------------------------------------
-- Table `esports`.`Rank`
-- -----------------------------------------------------
CREATE TABLE IF NOT EXISTS Rank (
  ELO VARCHAR(45) NOT NULL,
  Placement VARCHAR(45) NULL,
  MMR VARCHAR(45) NULL,
  PRIMARY KEY(ELO));


-- -----------------------------------------------------
-- Table `esports`.`Sponsor`
-- -----------------------------------------------------
CREATE TABLE Sponsor (
  sponsor_ID VARCHAR(45) NOT NULL,
  contribution VARCHAR(45) NULL,
  industry VARCHAR(45) NULL,
  PRIMARY KEY(sponsor_ID));


-- -----------------------------------------------------
-- Table `esports`.`Player`
-- -----------------------------------------------------
CREATE TABLE Player (
  playerID VARCHAR(45) NOT NULL,
  played_Since VARCHAR(45) NULL,
  rank VARCHAR(45) NULL,
  sponsor_ID_Player VARCHAR(45) NULL,
  PRIMARY KEY(playerID),
    FOREIGN KEY(playerID) REFERENCES Person(username),
    FOREIGN KEY(rank) REFERENCES Rank(ELO),
    FOREIGN KEY(sponsor_ID_Player) REFERENCES Sponsor(sponsor_ID));


-- -----------------------------------------------------
-- Table `esports`.`Coach`
-- -----------------------------------------------------
CREATE TABLE Coach (
  coachID VARCHAR(45) NOT NULL,
  coach_name VARCHAR(45) NULL,
  team VARCHAR(45) NULL,
  sponsor_ID_coach VARCHAR(45) NULL,
  PRIMARY KEY(coachID),
    FOREIGN KEY(sponsor_ID_coach) REFERENCES Sponsor(sponsor_ID));


-- -----------------------------------------------------
-- Table `esports`.`Stats`
-- -----------------------------------------------------
CREATE TABLE Stats (
  Stats_ID VARCHAR(45) NOT NULL,
  Number_of_games INT NULL,
  Average_game_duration VARCHAR(45) NULL,
  Average_kills VARCHAR(45) NULL,
  shortest_game VARCHAR(45) NULL,
  longest_game VARCHAR(45) NULL,
  PRIMARY KEY(Stats_ID));


-- -----------------------------------------------------
-- Table `esports`.`Seasons`
-- -----------------------------------------------------
CREATE TABLE Seasons (
  year_ VARCHAR(45) NOT NULL,
  duration VARCHAR(45) NULL,
  stats VARCHAR(45) NULL,
  PRIMARY KEY(year_),
    FOREIGN KEY(stats) REFERENCES Stats(Stats_ID));


-- -----------------------------------------------------
-- Table `esports`.`Team`
-- -----------------------------------------------------
CREATE TABLE Team (
  teamID VARCHAR(45) NOT NULL,
  team_coach_ID VARCHAR(45) NULL,
  team_player_ID VARCHAR(45) NULL,
  team_stats_ID VARCHAR(45) NULL,
  team_sponsor_ID VARCHAR(45) NULL,
  PRIMARY KEY(teamID),
  FOREIGN KEY(team_coach_ID) REFERENCES Coach(coachID),
  FOREIGN KEY(team_player_ID) REFERENCES Player(playerID),
    FOREIGN KEY(team_stats_ID) REFERENCES Stats(Stats_ID),
    FOREIGN KEY(team_sponsor_ID) REFERENCES Sponsor(sponsor_ID));


-- -----------------------------------------------------
-- Table `esports`.`League`
-- -----------------------------------------------------
CREATE TABLE League (
  leagueID VARCHAR(45) NOT NULL,
  teamID VARCHAR(45) NULL,
  region VARCHAR(45) NULL,
  PRIMARY KEY(leagueID),
    FOREIGN KEY(teamID)
    REFERENCES Team(teamID));


-- -----------------------------------------------------
-- Table `esports`.`Venue`
-- -----------------------------------------------------
CREATE TABLE Venue (
  location VARCHAR(45) NOT NULL,
  venue_Name VARCHAR(45) NOT NULL,
  date_ VARCHAR(45) NULL,
  venueSize VARCHAR(45) NULL,
  PRIMARY KEY(venue_Name));


-- -----------------------------------------------------
-- Table `esports`.`Stage`
-- -----------------------------------------------------
CREATE TABLE Stage(
  stageID VARCHAR(45) NOT NULL,
  team_ID_stage VARCHAR(45) NULL,
  venueName VARCHAR(45) NULL,
  PRIMARY KEY(stageID),
    FOREIGN KEY(team_ID_stage) REFERENCES Team(teamID),
    FOREIGN KEY (venueName) REFERENCES Venue(venue_Name));


#Trigger
delimiter //
CREATE TRIGGER Age_Check BEFORE INSERT ON Person
FOR EACH ROW if New.age < 18 THEN SET NEW.age = 18; END IF;//
delimiter ;


#Procedure/Cursor
CREATE TEMPORARY TABLE IF NOT EXISTS TEMPRNAME(REALNAME VARCHAR(45), primary key (REALNAME));
DROP procedure IF EXISTS SelectRealNames;
delimiter //
CREATE PROCEDURE SelectRealNames ()
BEGIN

   DECLARE done INT DEFAULT FALSE;
   DECLARE REALNAMEFETCH VARCHAR(45) DEFAULT '';
   DECLARE c CURSOR FOR
     SELECT `realname` FROM `Person`;

   DECLARE CONTINUE HANDLER FOR NOT FOUND SET done = TRUE;
   
   OPEN c;
	
    read_loop: LOOP
    FETCH c INTO REALNAMEFETCH;
    IF done THEN
      LEAVE read_loop;
    END IF;
    INSERT INTO TEMPRNAME VALUES(REALNAMEFETCH);
 
    END LOOP;

    CLOSE c;

END; //
delimiter ;

CALL SelectRealNames();
SELECT * FROM TEMPRNAME;

#View
CREATE OR REPLACE VIEW SEASONSTATS AS
	SELECT * FROM SEASONS INNER JOIN STATS
    ON STATS.STATS_ID=SEASONS.STATS;
    
#Function
DROP FUNCTION IF EXISTS SEASONSGAMESAVG;
CREATE FUNCTION SEASONSGAMESAVG() RETURNS INT 
	RETURN (SELECT AVG(number_of_games) FROM STATS);
    
SELECT SEASONSGAMESAVG();

#Champions (135 in Total)
INSERT INTO champion (champion_name, primary_role, lane) VALUES ('Ahri','Mage', 'Mid' );
INSERT INTO champion (champion_name, primary_role, lane) VALUES ('Aatrox','Fighter', 'Jungle' );
INSERT INTO champion (champion_name, primary_role, lane) VALUES ('Akali','Assassin', 'Mid' );
INSERT INTO champion (champion_name, primary_role, lane) VALUES ('Alistar','Tank', 'Support' );
INSERT INTO champion (champion_name, primary_role, lane) VALUES ('Amumu','Tank', 'Jungle' );
INSERT INTO champion (champion_name, primary_role, lane) VALUES ('Anivia','Mage', 'Mid' );
INSERT INTO champion (champion_name, primary_role, lane) VALUES ('Annie','Mage', 'Mid' );
INSERT INTO champion (champion_name, primary_role, lane) VALUES ('Ashe','Marksman', 'Bot' );
INSERT INTO champion (champion_name, primary_role, lane) VALUES ('Aurelion Sol','Mage', 'Mid' );
INSERT INTO champion (champion_name, primary_role, lane) VALUES ('Azir','Mage', 'Mid' );
INSERT INTO champion (champion_name, primary_role, lane) VALUES ('Bard','Controller', 'Support' );
INSERT INTO champion (champion_name, primary_role, lane) VALUES ('Blitzcrank','Controller', 'Support' );
INSERT INTO champion (champion_name, primary_role, lane) VALUES ('Brand','Mage', 'Mid' );
INSERT INTO champion (champion_name, primary_role, lane) VALUES ('Braum','Tank', 'Support' );
INSERT INTO champion (champion_name, primary_role, lane) VALUES ('Caitlyn','Marksman', 'Bot' );
INSERT INTO champion (champion_name, primary_role, lane) VALUES ('Camille','Fighter', 'Top' );
INSERT INTO champion (champion_name, primary_role, lane) VALUES ('Cassiopeia','Mage', 'Mid' );
INSERT INTO champion (champion_name, primary_role, lane) VALUES ('Cho Gath','Specialist', 'Top' );
INSERT INTO champion (champion_name, primary_role, lane) VALUES ('Corki','Marksman', 'Bot' );
INSERT INTO champion (champion_name, primary_role, lane) VALUES ('Darius','Fighter', 'Top' );
INSERT INTO champion (champion_name, primary_role, lane) VALUES ('Diana','Fighter', 'Mid' );
INSERT INTO champion (champion_name, primary_role, lane) VALUES ('Dr.Mundo','Fighter', 'Top' );
INSERT INTO champion (champion_name, primary_role, lane) VALUES ('Draven','Marksman', 'Bot' );
INSERT INTO champion (champion_name, primary_role, lane) VALUES ('Ekko','Assassin', 'Mid' );
INSERT INTO champion (champion_name, primary_role, lane) VALUES ('Elise','Fighter', 'Jungle' );
INSERT INTO champion (champion_name, primary_role, lane) VALUES ('Evelynn','Assassin', 'Jungle' );
INSERT INTO champion (champion_name, primary_role, lane) VALUES ('Ezreal','Marksman', 'Bot' );
INSERT INTO champion (champion_name, primary_role, lane) VALUES ('Fiddlesticks','Mage', 'Jungle' );
INSERT INTO champion (champion_name, primary_role, lane) VALUES ('Fiora','Fighter', 'Top' );
INSERT INTO champion (champion_name, primary_role, lane) VALUES ('Fizz','Assassin', 'Mid' );
INSERT INTO champion (champion_name, primary_role, lane) VALUES ('Galio','Tank', 'Mid' );
INSERT INTO champion (champion_name, primary_role, lane) VALUES ('Garen','Fighter', 'Top' );
INSERT INTO champion (champion_name, primary_role, lane) VALUES ('Gnar','Fighter', 'Top' );
INSERT INTO champion (champion_name, primary_role, lane) VALUES ('Gragas','Tank', 'Jungle' );
INSERT INTO champion (champion_name, primary_role, lane) VALUES ('Graves','Marksman', 'Jungle' );
INSERT INTO champion (champion_name, primary_role, lane) VALUES ('Hecarim','Fighter', 'Jungle' );
INSERT INTO champion (champion_name, primary_role, lane) VALUES ('Heimerdinger','Mage', 'Mid' );
INSERT INTO champion (champion_name, primary_role, lane) VALUES ('Illaoi','Fighter', 'Top' );
INSERT INTO champion (champion_name, primary_role, lane) VALUES ('Irelia','Fighter', 'Top' );
INSERT INTO champion (champion_name, primary_role, lane) VALUES ('Ivern','Controller', 'Jungle' );
INSERT INTO champion (champion_name, primary_role, lane) VALUES ('Janna','Controller', 'Support' );
INSERT INTO champion (champion_name, primary_role, lane) VALUES ('Jarvan','Fighter', 'Jungle' );
INSERT INTO champion (champion_name, primary_role, lane) VALUES ('Jax','Fighter', 'Top' );
INSERT INTO champion (champion_name, primary_role, lane) VALUES ('Jayce','Fighter', 'Top' );
INSERT INTO champion (champion_name, primary_role, lane) VALUES ('Jhin','Marksman', 'Bot' );
INSERT INTO champion (champion_name, primary_role, lane) VALUES ('Jinx','Marksman', 'Bot' );
INSERT INTO champion (champion_name, primary_role, lane) VALUES ('Kalista','Marksman', 'Bot' );
INSERT INTO champion (champion_name, primary_role, lane) VALUES ('Karma','Mage', 'Support' );
INSERT INTO champion (champion_name, primary_role, lane) VALUES ('Karthus','Mage', 'Mid' );
INSERT INTO champion (champion_name, primary_role, lane) VALUES ('Kassadin','Assassin', 'Mid' );
INSERT INTO champion (champion_name, primary_role, lane) VALUES ('Katarina','Assassin', 'Mid' );
INSERT INTO champion (champion_name, primary_role, lane) VALUES ('Kayle','Fighter', 'Mid' );
INSERT INTO champion (champion_name, primary_role, lane) VALUES ('Kayne','Assassin', 'Jungle' );
INSERT INTO champion (champion_name, primary_role, lane) VALUES ('Kennen','Mage', 'Top' );
INSERT INTO champion (champion_name, primary_role, lane) VALUES ('Khazix','Assassin', 'Jungle' );
INSERT INTO champion (champion_name, primary_role, lane) VALUES ('Kindred','Marksman', 'Jungle' );
INSERT INTO champion (champion_name, primary_role, lane) VALUES ('Kled','Fighter', 'Top' );
INSERT INTO champion (champion_name, primary_role, lane) VALUES ('Kogmaw','Marksman', 'Bot' );
INSERT INTO champion (champion_name, primary_role, lane) VALUES ('LeBlanc','Assassin', 'Mid' );
INSERT INTO champion (champion_name, primary_role, lane) VALUES ('Lee Sin','Fighter', 'Jungle' );
INSERT INTO champion (champion_name, primary_role, lane) VALUES ('Leona','Tank', 'Support' );
INSERT INTO champion (champion_name, primary_role, lane) VALUES ('Lissandra','Mage', 'Mid' );
INSERT INTO champion (champion_name, primary_role, lane) VALUES ('Lucian','Marksman', 'Bot' );
INSERT INTO champion (champion_name, primary_role, lane) VALUES ('Lulu','Controller', 'Support' );
INSERT INTO champion (champion_name, primary_role, lane) VALUES ('Lux','Mage', 'Mid' );
INSERT INTO champion (champion_name, primary_role, lane) VALUES ('Malphite','Tank', 'Top' );
INSERT INTO champion (champion_name, primary_role, lane) VALUES ('Malzahar','Mage', 'Mid' );
INSERT INTO champion (champion_name, primary_role, lane) VALUES ('Maokai','Tank', 'Top' );
INSERT INTO champion (champion_name, primary_role, lane) VALUES ('Master Yi','Fighter', 'Jungle' );
INSERT INTO champion (champion_name, primary_role, lane) VALUES ('Miss Fortune','Marksman', 'Bot' );
INSERT INTO champion (champion_name, primary_role, lane) VALUES ('Mordekaiser','Fighter', 'Top' );
INSERT INTO champion (champion_name, primary_role, lane) VALUES ('Morgana','Mage', 'Support' );
INSERT INTO champion (champion_name, primary_role, lane) VALUES ('Nami','Controller', 'Support' );
INSERT INTO champion (champion_name, primary_role, lane) VALUES ('Nasus','Fighter', 'Top' );
INSERT INTO champion (champion_name, primary_role, lane) VALUES ('Nautilus','Tank', 'Support' );
INSERT INTO champion (champion_name, primary_role, lane) VALUES ('Nidalee','Assassin', 'Jungle' );
INSERT INTO champion (champion_name, primary_role, lane) VALUES ('Nocturne','Assassin', 'Jungle' );
INSERT INTO champion (champion_name, primary_role, lane) VALUES ('Olaf','Fighter', 'Jungle' );
INSERT INTO champion (champion_name, primary_role, lane) VALUES ('Orianna','Mage', 'Mid' );
INSERT INTO champion (champion_name, primary_role, lane) VALUES ('Ornn','Tank', 'Top' );
INSERT INTO champion (champion_name, primary_role, lane) VALUES ('Pantheon','Fighter', 'Top' );
INSERT INTO champion (champion_name, primary_role, lane) VALUES ('Poppy','Tank', 'Top' );
INSERT INTO champion (champion_name, primary_role, lane) VALUES ('Quinn','Marksman', 'Top' );
INSERT INTO champion (champion_name, primary_role, lane) VALUES ('Rakan','Controller', 'Support' );
INSERT INTO champion (champion_name, primary_role, lane) VALUES ('Rammus','Tank', 'Jungle' );
INSERT INTO champion (champion_name, primary_role, lane) VALUES ('Reksai','Fighter', 'Jungle' );
INSERT INTO champion (champion_name, primary_role, lane) VALUES ('Renekton','Fighter', 'Top' );
INSERT INTO champion (champion_name, primary_role, lane) VALUES ('Rengar','Assassin', 'Jungle' );
INSERT INTO champion (champion_name, primary_role, lane) VALUES ('Riven','Fighter', 'Top' );
INSERT INTO champion (champion_name, primary_role, lane) VALUES ('Rumble','Mage', 'Top' );
INSERT INTO champion (champion_name, primary_role, lane) VALUES ('Ryze','Mage', 'Mid' );
INSERT INTO champion (champion_name, primary_role, lane) VALUES ('Sejuani','Tank', 'Jungle' );
INSERT INTO champion (champion_name, primary_role, lane) VALUES ('Shaco','Assassin', 'Jungle' );
INSERT INTO champion (champion_name, primary_role, lane) VALUES ('Shen','Tank', 'Top' );
INSERT INTO champion (champion_name, primary_role, lane) VALUES ('Shyvana','Fighter', 'Top' );
INSERT INTO champion (champion_name, primary_role, lane) VALUES ('Singed','Tank', 'Top' );
INSERT INTO champion (champion_name, primary_role, lane) VALUES ('Sion','Tank', 'Top' );
INSERT INTO champion (champion_name, primary_role, lane) VALUES ('Sivir','Marksman', 'Bot' );
INSERT INTO champion (champion_name, primary_role, lane) VALUES ('Syndra','Mage', 'Mid' );
INSERT INTO champion (champion_name, primary_role, lane) VALUES ('Skarner','Fighter', 'Jungle' );
INSERT INTO champion (champion_name, primary_role, lane) VALUES ('Sona','Controller', 'Support' );
INSERT INTO champion (champion_name, primary_role, lane) VALUES ('Soraka','Controller', 'Support' );
INSERT INTO champion (champion_name, primary_role, lane) VALUES ('Swain','Mage', 'Support' );
INSERT INTO champion (champion_name, primary_role, lane) VALUES ('Tahm Kench','Tank', 'Support' );
INSERT INTO champion (champion_name, primary_role, lane) VALUES ('Taliyah','Mage', 'Mid' );
INSERT INTO champion (champion_name, primary_role, lane) VALUES ('Talon','Assassin', 'Mid' );
INSERT INTO champion (champion_name, primary_role, lane) VALUES ('Taric','Tank', 'Support' );
INSERT INTO champion (champion_name, primary_role, lane) VALUES ('Teemo','Marksman', 'Top' );
INSERT INTO champion (champion_name, primary_role, lane) VALUES ('Thresh','Controller', 'Support' );
INSERT INTO champion (champion_name, primary_role, lane) VALUES ('Tristana','Marksman', 'Bot' );
INSERT INTO champion (champion_name, primary_role, lane) VALUES ('Trundle','Fighter', 'Top' );
INSERT INTO champion (champion_name, primary_role, lane) VALUES ('Tryndamere','Fighter', 'Top' );
INSERT INTO champion (champion_name, primary_role, lane) VALUES ('Twisted Fate','Mage', 'Mid' );
INSERT INTO champion (champion_name, primary_role, lane) VALUES ('Twitch','Marksman', 'Bot' );
INSERT INTO champion (champion_name, primary_role, lane) VALUES ('Udyr','Fighter', 'Jungle' );
INSERT INTO champion (champion_name, primary_role, lane) VALUES ('Urgot','Fighter', 'Top' );
INSERT INTO champion (champion_name, primary_role, lane) VALUES ('Varus','Marksman', 'Bot' );
INSERT INTO champion (champion_name, primary_role, lane) VALUES ('Vayne','Marksman', 'Bot' );
INSERT INTO champion (champion_name, primary_role, lane) VALUES ('Veigar','Mage', 'Mid' );
INSERT INTO champion (champion_name, primary_role, lane) VALUES ('Velkoz','Mage', 'Mid' );
INSERT INTO champion (champion_name, primary_role, lane) VALUES ('Vi','Fighter', 'Jungle' );
INSERT INTO champion (champion_name, primary_role, lane) VALUES ('Viktor','Mage', 'Mid' );
INSERT INTO champion (champion_name, primary_role, lane) VALUES ('Vladimir','Mage', 'Mid' );
INSERT INTO champion (champion_name, primary_role, lane) VALUES ('Volibear','Fighter', 'Jungle' );
INSERT INTO champion (champion_name, primary_role, lane) VALUES ('Warwick','Fighter', 'Jungle' );
INSERT INTO champion (champion_name, primary_role, lane) VALUES ('Wukong','Fighter', 'Top' );
INSERT INTO champion (champion_name, primary_role, lane) VALUES ('Xayah','Marksman', 'Bot' );
INSERT INTO champion (champion_name, primary_role, lane) VALUES ('Xerath','Mage', 'Mid' );
INSERT INTO champion (champion_name, primary_role, lane) VALUES ('Xin Zaho','Fighter', 'Jungle' );
INSERT INTO champion (champion_name, primary_role, lane) VALUES ('Yasuo','Fighter', 'Mid' );
INSERT INTO champion (champion_name, primary_role, lane) VALUES ('Yorick','Fighter', 'Top' );
INSERT INTO champion (champion_name, primary_role, lane) VALUES ('Zac','Tank', 'Jungle' );
INSERT INTO champion (champion_name, primary_role, lane) VALUES ('Zed','Assassin', 'Mid' );
INSERT INTO champion (champion_name, primary_role, lane) VALUES ('Ziggs','Mage', 'Mid' );
INSERT INTO champion (champion_name, primary_role, lane) VALUES ('Zilean','Mage', 'Support' );
INSERT INTO champion (champion_name, primary_role, lane) VALUES ('Zoe','Mage', 'Mid' );
INSERT INTO champion (champion_name, primary_role, lane) VALUES ('Zyra','Mage', 'Support' );

INSERT INTO SPONSOR (SPONSOR_ID, CONTRIBUTION, INDUSTRY) values
('Logitech', 'Equipment', 'Computers');
INSERT INTO SPONSOR (SPONSOR_ID, CONTRIBUTION, INDUSTRY) values
('Samsung', 'Equipment', 'Tech');
INSERT INTO SPONSOR (SPONSOR_ID, CONTRIBUTION, INDUSTRY) values
('SK Telecom', 'Equipment', 'Tech');
INSERT INTO SPONSOR (SPONSOR_ID, CONTRIBUTION, INDUSTRY) values
('HP', 'Equipment', 'Tech');
INSERT INTO SPONSOR (SPONSOR_ID, CONTRIBUTION, INDUSTRY) values
('Gigabyte', 'Equipment', 'Tech');
INSERT INTO SPONSOR (SPONSOR_ID, CONTRIBUTION, INDUSTRY) values
('Corsair', 'Equipment', 'Tech');
INSERT INTO SPONSOR (SPONSOR_ID, CONTRIBUTION, INDUSTRY) values
('Caseking', 'Equipment', 'Tech');
INSERT INTO SPONSOR (SPONSOR_ID, CONTRIBUTION, INDUSTRY) values
('Monster', 'Drinks', 'Food');

INSERT INTO coach (coachID, coach_name, team, sponsor_ID_coach) VALUES 
('Edgar','Choi Woo-beom', 'SSG','Samsung');
INSERT INTO coach (coachID, coach_name, team, sponsor_ID_coach) VALUES 
('kkOma','Kim Jeong-gyun', 'SKT T1', 'SK Telecom');
INSERT INTO coach (coachID, coach_name, team, sponsor_ID_coach) VALUES 
('Hirai','Kang Dong-hoon', 'Longzhu', 'HP');
INSERT INTO coach (coachID, coach_name, team, sponsor_ID_coach) VALUES 
('Daku','Hussain Moosvi', 'Misfits', 'Caseking');
INSERT INTO coach (coachID, coach_name, team, sponsor_ID_coach) VALUES 
('Dylan','Dylan Falco', 'Fnatic', 'Monster');
INSERT INTO coach (coachID, coach_name, team, sponsor_ID_coach) VALUES 
('Reapered','Bok Han-gyu', 'Cloud9', 'Corsair');
INSERT INTO coach (coachID, coach_name, team, sponsor_ID_coach) VALUES 
('SSONG','Kim Sang-soo', 'TSM', 'Logitech');
INSERT INTO coach (coachID, coach_name, team, sponsor_ID_coach) VALUES 
('Tinikun','Dương Nguyễn Duy Thanh', 'Gigabyte', 'Logitech');

INSERT INTO PERSON (USERNAME, REALNAME, COUNTRY, AGE, MAIN_CHAMPION) VALUES
('SKT T1 Faker','Lee Sang-hyeok','Korea','21','Ryze');
INSERT INTO PERSON (USERNAME, REALNAME, COUNTRY, AGE, MAIN_CHAMPION) VALUES
('Crown','Lee Min-ho','Korea','22','Viktor');
INSERT INTO PERSON (USERNAME, REALNAME, COUNTRY, AGE, MAIN_CHAMPION) VALUES
('Uzi','Jian Zi-Hao ','China','20','Vayne');
INSERT INTO PERSON (USERNAME, REALNAME, COUNTRY, AGE, MAIN_CHAMPION) VALUES
('Peanut','Han Wang-ho','Korea','19','Lee Sin');
INSERT INTO PERSON (USERNAME, REALNAME, COUNTRY, AGE, MAIN_CHAMPION) VALUES
('Bjergsen','Soren Bjerg','Denmark','21','Syndra');
INSERT INTO PERSON (USERNAME, REALNAME, COUNTRY, AGE, MAIN_CHAMPION) VALUES
('Hans Sama','Steven Liv','France','18','Lucian');
INSERT INTO PERSON (USERNAME, REALNAME, COUNTRY, AGE, MAIN_CHAMPION) VALUES
('Sneaky','Zachary Scuderi','American','23','Caitlyn');
INSERT INTO PERSON (USERNAME, REALNAME, COUNTRY, AGE, MAIN_CHAMPION) VALUES
('Levi','Đỗ Duy Khánh','Vietnamese','21','Jarvan');


INSERT INTO RANK (ELO, PLACEMENT, MMR) VALUES
('Low','Bronze','1043');
INSERT INTO RANK (ELO, PLACEMENT, MMR) VALUES
('Mid','Silver','1266');
INSERT INTO RANK (ELO, PLACEMENT, MMR) VALUES
('Mid-High','Gold','1494');
INSERT INTO RANK (ELO, PLACEMENT, MMR) VALUES
('High','Platinum','1756');
INSERT INTO RANK (ELO, PLACEMENT, MMR) VALUES
('High-Very High','Diamond','2146');
INSERT INTO RANK (ELO, PLACEMENT, MMR) VALUES
('Very High','Master','2357');
INSERT INTO RANK (ELO, PLACEMENT, MMR) VALUES
('Highest','Challenger','2776');

Insert into player (playerID, played_Since, rank, sponsor_ID_Player) Values
('SKT T1 Faker', '2011', 'Highest', 'SK Telecom');
Insert into player (playerID, played_Since, rank, sponsor_ID_Player) Values
('Crown', '2014', 'Highest', 'Samsung');
Insert into player (playerID, played_Since, rank, sponsor_ID_Player) Values
('Uzi', '2014', 'Highest', 'Logitech');
Insert into player (playerID, played_Since, rank, sponsor_ID_Player) Values
('Peanut', '2012', 'Highest', 'Corsair');
Insert into player (playerID, played_Since, rank, sponsor_ID_Player) Values
('Bjergsen', '2012', 'Highest', 'Corsair');
Insert into player (playerID, played_Since, rank, sponsor_ID_Player) Values
('Hans sama', '2013', 'Highest', 'HP');
Insert into player (playerID, played_Since, rank, sponsor_ID_Player) Values
('Sneaky', '2014', 'Highest', 'Monster');
Insert into player (playerID, played_Since, rank, sponsor_ID_Player) Values
('Levi', '2012', 'Highest', 'Logitech');

INSERT INTO STATS 
(stats_id, number_of_games, average_game_duration, 
average_kills, shortest_game, longest_game) Values
('World Championship 2017','39','33:24','21','22:15','61:49');
INSERT INTO STATS 
(stats_id, number_of_games, average_game_duration, 
average_kills, shortest_game, longest_game) Values
('World Championship 2016','36','32:24','23','21:15','56:49');
INSERT INTO STATS 
(stats_id, number_of_games, average_game_duration, 
average_kills, shortest_game, longest_game) Values
('World Championship 2015','38','30:24','26','15:15','57:49');
INSERT INTO STATS 
(stats_id, number_of_games, average_game_duration, 
average_kills, shortest_game, longest_game) Values
('World Championship 2014','34','29:34','27','17:15','59:49');
INSERT INTO STATS 
(stats_id, number_of_games, average_game_duration, 
average_kills, shortest_game, longest_game) Values
('World Championship 2013','38','35:34','33','26:15','52:49');
INSERT INTO STATS 
(stats_id, number_of_games, average_game_duration, 
average_kills, shortest_game, longest_game) Values
('LCS 2017 ','28','36:35','34','27:15','52:41');
INSERT INTO STATS 
(stats_id, number_of_games, average_game_duration, 
average_kills, shortest_game, longest_game) Values
('EUCS 2016','29','36:31','31','24:15','42:51');
INSERT INTO STATS 
(stats_id, number_of_games, average_game_duration, 
average_kills, shortest_game, longest_game) Values
('IEM 11','20','36:11','32','28:15','62:51');
INSERT INTO STATS 
(stats_id, number_of_games, average_game_duration, 
average_kills, shortest_game, longest_game) Values
('NA','NA','NA','NA','NA','NA');
INSERT INTO STATS 
(stats_id, number_of_games, average_game_duration, 
average_kills, shortest_game, longest_game) Values
('EULCS 2017','26','38:45','36','21:45','46:23');
INSERT INTO STATS 
(stats_id, number_of_games, average_game_duration, 
average_kills, shortest_game, longest_game) Values
('LCS 2016','34','38:44','34','27:25','42:49');

INSERT INTO TEAM (TEAMID, TEAM_COACH_ID, TEAM_PLAYER_ID, TEAM_STATS_ID,TEAM_SPONSOR_ID)
Values ('SKT T1','kkOma','SKT T1 Faker','World Championship 2016','SK Telecom');
INSERT INTO TEAM (TEAMID, TEAM_COACH_ID, TEAM_PLAYER_ID, TEAM_STATS_ID,TEAM_SPONSOR_ID)
Values ('SSG','kkOma','Crown','World Championship 2017','Samsung');
INSERT INTO TEAM (TEAMID, TEAM_COACH_ID, TEAM_PLAYER_ID, TEAM_STATS_ID,TEAM_SPONSOR_ID)
Values ('TSM','SSONG','Bjergsen','LCS 2017','Logitech');
INSERT INTO TEAM (TEAMID, TEAM_COACH_ID, TEAM_PLAYER_ID, TEAM_STATS_ID,TEAM_SPONSOR_ID)
Values ('Misfits','Daku','Hans sama','EUCS 2016','Caseking');
INSERT INTO TEAM (TEAMID, TEAM_COACH_ID, TEAM_PLAYER_ID, TEAM_STATS_ID,TEAM_SPONSOR_ID)
Values ('Longzhu','Hirai','Peanut','IEM 11','HP');
INSERT INTO TEAM (TEAMID, TEAM_COACH_ID, TEAM_PLAYER_ID, TEAM_STATS_ID,TEAM_SPONSOR_ID)
Values ('Gigabyte','Tinikun','Levi','NA','Logitech');
INSERT INTO TEAM (TEAMID, TEAM_COACH_ID, TEAM_PLAYER_ID, TEAM_STATS_ID,TEAM_SPONSOR_ID)
Values ('Fnatic','Dylan','Uzi','EULCS 2017','Corsair');
INSERT INTO TEAM (TEAMID, TEAM_COACH_ID, TEAM_PLAYER_ID, TEAM_STATS_ID,TEAM_SPONSOR_ID)
Values ('Cloud9','Reapered','Sneaky','LCS 2016','Monster');

INSERT INTO league (leagueID, teamID, region) Values
('LCS', 'TSM','NA');
INSERT INTO league (leagueID, teamID, region) Values
('LCK', 'SSG','KR');
INSERT INTO league (leagueID, teamID, region) Values
('LCK1', 'SKT T1','KR');
INSERT INTO league (leagueID, teamID, region) Values
('LPL', 'Longzhu','CN');
INSERT INTO league (leagueID, teamID, region) Values
('LCS1', 'Fnatic','EU');
INSERT INTO league (leagueID, teamID, region) Values
('LCS2', 'Cloud9','NA');
INSERT INTO league (leagueID, teamID, region) Values
('LCS3', 'Misfits','EU');
INSERT INTO league (leagueID, teamID, region) Values
('LPL1', 'Gigabyte','VN');



INSERT INTO SEASONS (YEAR_,DURATION,STATS) vALUES
('Season 7','Jan-November(2017)','World Championship 2017');
INSERT INTO SEASONS (YEAR_,DURATION,STATS) vALUES
('Season 6','Jan-November(2016)','World Championship 2016');
INSERT INTO SEASONS (YEAR_,DURATION,STATS) vALUES
('Season 5','November(2014)-November(2015)','World Championship 2015');
INSERT INTO SEASONS (YEAR_,DURATION,STATS) vALUES
('Season 4','November(2013)-November(2014)','World Championship 2014');
INSERT INTO SEASONS (YEAR_,DURATION,STATS) vALUES
('Season 3','November(2012)-November(2013)','World Championship 2013');




insert into venue (location, venue_Name, date_, venuesize) values
('Beijing','Birds Nest','2017','80 000 seats');
insert into venue (location, venue_Name, date_, venuesize) values
('Los Angeles','Staple Center','2016','19 000 seats');
insert into venue (location, venue_Name, date_, venuesize) values
('Berlin','Mercedes-Arena','2015','17 000 seats');
insert into venue (location, venue_Name, date_, venuesize) values
('Seoul','Seoul World Cup Stadium','2014','66 000 seats');

Insert into stage (stageID, team_ID_stage, venueName) values
('Main Stage CN', 'SSG', 'Birds Nest');
Insert into stage (stageID, team_ID_stage, venueName) values
('Main Stage LA', 'SKT T1', 'Staple Center');
Insert into stage (stageID, team_ID_stage, venueName) values
('Main Stage EU', 'SKT T1', 'Mercedes-Arena');
Insert into stage (stageID, team_ID_stage, venueName) values
('Main Stage KR', 'SSG', 'Seoul World Cup Stadium');

 
